Method,P-value
ProxECAT-Internal,0.309366801253439
ProxECAT-External,0.504618600908216
LogProx-Internal,0.309428706643497
LogProx-External,0.505061203746096
LogProx-Internal+External,0.20204681636851
